{"cameraMode":{"drawMode":0,"name":"Shaded","section":"Shading Mode"},"sceneLighting":true,"audioPlay":false,"sceneViewState":{"showFog":true,"showMaterialUpdate":true,"showSkybox":true,"showFlares":true,"showImageEffects":true,"showParticleSystems":true},"in2DMode":false,"pivot":{"x":-11.471503257751465,"y":-2.042941093444824,"z":34.258487701416019},"rotation":{"x":0.04080831632018089,"y":-0.004590431693941355,"z":-0.0004408822569530457,"w":0.9993175268173218},"size":32.81233215332031,"orthographic":false}