{"cameraMode":{"drawMode":0,"name":"Shaded","section":"Shading Mode"},"sceneLighting":false,"audioPlay":false,"sceneViewState":{"showFog":true,"showMaterialUpdate":true,"showSkybox":false,"showFlares":true,"showImageEffects":true,"showParticleSystems":true},"in2DMode":false,"pivot":{"x":0.5077322721481323,"y":0.9203868508338928,"z":0.048972129821777347},"rotation":{"x":-0.058685969561338428,"y":-0.05477702245116234,"z":0.003270304063335061,"w":-0.9967966675758362},"size":2.4247448444366457,"orthographic":false}