{"cameraMode":{"drawMode":0,"name":"Shaded","section":"Shading Mode"},"sceneLighting":true,"audioPlay":false,"sceneViewState":{"showFog":true,"showMaterialUpdate":true,"showSkybox":true,"showFlares":true,"showImageEffects":true,"showParticleSystems":true},"in2DMode":false,"pivot":{"x":0.4223402738571167,"y":13.112127304077149,"z":-7.480319976806641},"rotation":{"x":0.1911028027534485,"y":0.016194554045796396,"z":-0.0031310522463172676,"w":0.9814424514770508},"size":20.9206485748291,"orthographic":false}