{"cameraMode":{"drawMode":0,"name":"Shaded","section":"Shading Mode"},"sceneLighting":false,"audioPlay":false,"sceneViewState":{"showFog":true,"showMaterialUpdate":true,"showSkybox":false,"showFlares":true,"showImageEffects":true,"showParticleSystems":true},"in2DMode":false,"pivot":{"x":0.8491027355194092,"y":0.8482096791267395,"z":-0.01032114028930664},"rotation":{"x":-0.06598488241434097,"y":-0.09057555347681046,"z":0.006059764884412289,"w":-0.9937121868133545},"size":2.4247448444366457,"orthographic":false}